user_id,email,lname,fname
0,Billie@william.biz,Schaefer,Ofelia
1,Larissa_Mayer@kolby.co.uk,Flatley,Hyman
2,Kathryne.Buckridge@franco.me,Hauck,Alessia
3,Imani_Guann@anabel.me,Cummings,Rosalee
4,Jake@ella.me,Heaney,Lonie
5,Nikki@maudie.net,Klein,Nathanael
6,Wilson_Flatley@gerald.org,Donnelly,Laurel
7,Jaydon_Osinski@delia.org,Hoeger,Anne
8,Nikko_Gaylord@alessia.org,Boyle,Catharine
9,Jazlyn@cleo.biz,Morissette,Shannon
10,Alan@jed.tv,Weber,Helena
11,Johan.Kunze@myriam.co.uk,Schumm,Tressie
12,Alexandro@concepcion.com,Steuber,Jose
13,Barton@jody.com,Rowe,Matt
14,Marguerite.Douglas@eldridge.com,Leannon,Thea
15,Johathan_Yost@wilfred.us,Crist,Ezequiel
16,Taryn_Wuckert@summer.name,Orn,Amina
17,Carmela@frankie.com,Blick,Herminia
18,Jensen@corbin.biz,Koss,Kenyatta
19,Enrique@kiel.biz,Erdman,Tre
20,Sabina@madelynn.org,Flatley,Delilah
21,Madisen@jovan.io,Mayer,Krystel
22,Grace_Reynolds@emory.biz,Kessler,Arvilla
23,Tanner_Schaefer@grant.ca,Nicolas,Kurtis
24,Kylie@tommie.ca,Wiza,Gloria
25,Ivy.Fritsch@dakota.net,Hilpert,Stefanie
26,Vern_Robel@madonna.tv,Murray,Dasia
27,Roberto@rosemary.name,Halvorson,Josh
28,Sven@weldon.biz,Herzog,Mylene
29,Taylor@rosamond.biz,Hauck,Reagan
30,Gustave_Pfeffer@linda.name,Corwin,Cydney
31,Newton@emilia.name,Becker,Ashtyn
32,Fidel@lucinda.us,Swift,Camille
33,Raheem@graciela.com,Ziemann,Esmeralda
34,Rosemarie_Kerluke@gladys.org,Kerluke,Jefferey
35,Deven@nels.com,Ferry,Jamie
36,Regan@hans.io,Koepp,Arlene
37,Rosetta.Goyette@manley.io,Walsh,Catherine
38,Marlon@levi.net,Kautzer,Stacey
39,Roxanne@maureen.tv,Heaney,Rupert
40,Kylee.Kling@florencio.ca,Schuppe,Romaine
41,Kieran_Padberg@daphnee.com,O'Reilly,Okey
42,Anika@caden.biz,Hermiston,Jade
43,Madison@laury.me,Wehner,Leon
44,Orlando.Muller@roberta.name,Weissnat,Junior
45,Chance@erick.com,Reynolds,Sydnie
46,Rolando_Volkman@gabriella.biz,Kovacek,Hattie
47,Name@gabriel.io,Littel,Evie
48,Velda@hilma.biz,McDermott,Aurelia
49,Chad@della.ca,Altenwerth,Everett
50,Gunnar.Mayer@harrison.co.uk,Wilderman,Tony
51,Ludie_Stracke@clay.me,Beatty,Domenica
52,Otis@clementina.biz,Torp,Mae
53,Ludwig.Bailey@jameson.co.uk,Bednar,Alden
54,Eliane@sierra.org,Streich,Stone
55,Lenora_Sipes@damon.com,Gorczany,Zackery
56,Maximillia@micah.net,Bahringer,Clifton
57,Shanelle.Hyatt@arvel.biz,Ebert,Kaitlyn
58,Aurelio.Nader@haskell.org,Doyle,Johnnie
59,Dorian.Ankunding@elliot.co.uk,Moore,Enid
60,Payton_Hamill@rafael.org,Parker,Gust
61,Dominic.Keeling@cathryn.name,Vandervort,Laurine
62,Ole.Sipes@greta.me,Huel,Jacquelyn
63,Porter.Beahan@tyrell.com,Olson,Samara
64,Mack_Collins@eleanora.biz,Sanford,Kian
65,Breanne_Batz@shyanne.net,Ward,Linnea
66,Sabrina@geraldine.us,Collins,Lee
67,Adelle@lucinda.biz,Schumm,Nikita
68,Dion@okey.org,Yundt,Leone
69,Ottis@ayana.me,Miller,Madison
70,Dahlia_Dickens@khalil.biz,Upton,Cristian
71,Zackery.Wilderman@beatrice.name,Weber,May
72,Alexander@raven.us,Predovic,Albin
73,Casimer_Rosenbaum@ron.org,Swaniawski,Wilfredo
74,Saul@mikayla.tv,Durgan,Torey
75,Arch@lawrence.io,Lubowitz,Kiera
76,Georgianna_Adams@bennie.ca,Schroeder,Krystel
77,Mathias@nikko.name,King,Mathias
78,Margarett.Feil@gus.com,Gibson,Melvin
79,Claudine@halle.me,Lynch,Isadore
80,Vladimir@adolph.ca,Walter,Andreanne
81,Imelda@eve.biz,Dickens,Kennedi
82,Mathew@hailee.ca,Weimann,Mara
83,Kiley_Barton@lorena.me,Roob,Miles
84,Jennie@benedict.org,Kohler,Grayson
85,Romaine.Bartell@casey.us,Beier,Petra
86,Therese@davonte.info,Quigley,Thomas
87,Francesco@ali.name,Moore,Thurman
88,Joyce@athena.org,Bayer,Thalia
89,Linnie_Kertzmann@rhea.info,Cole,Kareem
90,Mateo@meda.me,Krajcik,Maudie
91,Aaliyah@felipe.biz,Kozey,Carleton
92,Colby_Doyle@tyler.biz,Pollich,Kurtis
93,Destiney@maud.biz,Hodkiewicz,Elvie
94,Lois@noah.ca,Yundt,Vallie
95,Willy_Kihn@kari.org,Hammes,Tyler
96,Dora.Hayes@clark.co.uk,Wisoky,Jennifer
97,Tod@veda.tv,Purdy,Kirsten
98,Destiney.Swaniawski@thea.me,Kuvalis,Santina
99,Maymie.Raynor@eva.org,Mohr,Curt